topic_title,primary_angle,target_intent,primary_target_page,suggested_anchor
How to calculate break-even ROAS by contribution margin,Avoid unprofitable scale decisions,Informational and commercial,/break-even-roas-by-margin,break-even ROAS calculator
ROAS vs MER vs ROI: metric selection by growth stage,Choose metric by decision context,Comparison and commercial,/comparisons/roas-vs-roi-vs-mer-vs-acos,ROAS vs ROI vs MER
CAC payback plus ROAS for SaaS cash flow,Link acquisition speed to runway,Commercial and strategic,/blog/payback-period-cash-flow-saas,CAC payback calculator
Attribution model changes and ROAS distortion,Prevent reporting mistakes,Informational and comparison,/blog/attribution-impact-on-roas,attribution impact on ROAS
Lead-gen CPL to ROAS framework for B2B,Translate leads into revenue outcomes,Commercial,/roas/lead-gen-cpl-roas,lead gen ROAS calculator
Weekly PPC scorecard with ROAS CAC LTV MER,Build operating reporting cadence,Commercial,/ppc-toolkit,PPC toolkit
When to scale hold or pause ad campaigns,Use threshold-based budget decisions,Commercial,/blog/when-to-scale-or-pause-campaigns,scale or pause campaigns
ROAS audit checklist for growth teams,Find tracking and funnel leaks,Informational and commercial,/blog/roas-audit-checklist,ROAS audit checklist
Google Ads vs Meta ROAS benchmarks explained,Benchmark interpretation by channel,Informational,/blog/roas-benchmarks-2026,ROAS benchmarks 2026
How to improve ROAS without increasing budget,Conversion and AOV optimization workflow,Informational and commercial,/blog/how-to-improve-roas-without-raising-budget,improve ROAS without more budget
